{
  "e_MA_3veg_2_0_.txt": [
    [
      3400.0166666666687,
      7430.140000000002,
      7744.746666666661
    ],
    [
      6217.933333333332,
      7474.69333333333,
      7794.8399999999965
    ],
    [
      7266.0499999999965,
      7827.819999999993,
      8165.780000000018
    ]
  ],
  "e_MA_2veg_2_0_.txt": [
    [
      122.35000000000002,
      2692.3066666666655,
      6233.739999999998
    ],
    [
      2683.0366666666637,
      6583.893333333327,
      7560.7300000000005
    ],
    [
      6315.106666666667,
      7452.850000000002,
      7914.803333333343
    ]
  ],
  "e_MA_3veg_0_2_.txt": [
    [
      3077.04,
      7396.529999999997,
      7728.446666666676
    ],
    [
      5633.783333333332,
      7450.19333333333,
      7772.343333333329
    ],
    [
      6659.57333333333,
      7804.076666666667,
      8138.183333333346
    ]
  ],
  "e_MA_2veg_1_1_.txt": [
    [
      5508.783333333329,
      7900.76999999999,
      8308.74000000001
    ],
    [
      7868.026666666665,
      7927.8200000000115,
      8313.300000000016
    ],
    [
      8272.976666666673,
      8305.500000000002,
      8709.299999999997
    ]
  ],
  "e_MA_0_1_.txt": [
    [
      7418.176666666669,
      7467.100000000005,
      7819.149999999989
    ],
    [
      7469.120000000003,
      7486.176666666649,
      7837.793333333328
    ],
    [
      7820.736666666663,
      7838.926666666662,
      8208.73333333332
    ]
  ],
  "e_MA_2veg_0_0_.txt": [
    [
      7826.473333333333,
      7888.559999999994,
      8281.500000000013
    ],
    [
      7875.5999999999985,
      7902.419999999995,
      8286.240000000018
    ],
    [
      8245.379999999997,
      8276.940000000008,
      8678.939999999988
    ]
  ],
  "e_MA_1_0_.txt": [
    [
      7417.666666666666,
      7468.213333333326,
      7817.223333333326
    ],
    [
      7464.549999999997,
      7485.3266666666495,
      7838.643333333324
    ],
    [
      7817.619999999996,
      7841.023333333335,
      8209.639999999985
    ]
  ],
  "e_MA_2_1_.txt": [
    [
      3356.7366666666667,
      7028.210000000001,
      7766.389999999997
    ],
    [
      7309.57,
      7434.439999999986,
      7786.623333333332
    ],
    [
      7764.6933333333245,
      7785.453333333315,
      8154.729999999988
    ]
  ],
  "e_MA_2_2_.txt": [
    [
      2407.8933333333343,
      7419.093333333331,
      8313.673333333349
    ],
    [
      7442.773333333332,
      7937.82000000001,
      8315.820000000022
    ],
    [
      8312.82000000001,
      8315.640000000021,
      8710.520000000042
    ]
  ],
  "e_MA_2veg_0_2_.txt": [
    [
      3557.1653084982518,
      7186.778812572741,
      8072.590221187414
    ],
    [
      6282.940628637948,
      7675.440046565731,
      8097.479627473895
    ],
    [
      7016.019790454024,
      8054.4400465658,
      8479.772991851067
    ]
  ],
  "e_MA_2_0_.txt": [
    [
      7928.966666666663,
      7935.600000000005,
      8313.900000000018
    ],
    [
      7936.740000000005,
      7937.82000000001,
      8315.580000000022
    ],
    [
      8311.999999999955,
      8315.880000000021,
      8711.400000000005
    ]
  ],
  "e_MA_3veg_2_2_.txt": [
    [
      1997.9600000000005,
      7805.729999999995,
      8307.343333333343
    ],
    [
      6222.329999999998,
      7937.416666666674,
      8313.960000000015
    ],
    [
      8215.040000000003,
      8315.22000000002,
      8707.700000000028
    ]
  ],
  "e_MA_1_2_.txt": [
    [
      7405.599999999995,
      7936.0800000000045,
      8313.600000000017
    ],
    [
      7935.553333333338,
      7937.700000000009,
      8314.699999999946
    ],
    [
      8313.540000000017,
      8315.940000000022,
      8711.580000000005
    ]
  ],
  "e_MA_2veg_2_2_.txt": [
    [
      0.006666666666666667,
      1347.4800000000002,
      6038.616666666663
    ],
    [
      210.29666666666665,
      5461.496666666668,
      7765.3133333333335
    ],
    [
      2179.616666666666,
      7471.8133333333335,
      8131.290000000012
    ]
  ],
  "e_MA_3veg_1_1_.txt": [
    [
      3419.208333333336,
      7434.344696969692,
      7742.727272727251
    ],
    [
      6227.060606060601,
      7474.363636363637,
      7795.337121212096
    ],
    [
      7284.344696969697,
      7826.568181818164,
      8164.3787878788025
    ]
  ],
  "e_MA_0_0_.txt": [
    [
      7929.200000000014,
      7935.7200000000075,
      8314.080000000018
    ],
    [
      7935.480000000005,
      7937.760000000009,
      8315.70000000002
    ],
    [
      8313.420000000015,
      8315.58000000002,
      8711.340000000004
    ]
  ],
  "e_MA_3veg_0_0_.txt": [
    [
      5002.173333333335,
      7070.209999999993,
      7366.893333333333
    ],
    [
      6637.229999999995,
      7101.919999999998,
      7405.086666666663
    ],
    [
      7086.636666666661,
      7439.086666666663,
      7758.403333333347
    ]
  ],
  "e_MA_0_2_.txt": [
    [
      7931.2666666666655,
      7935.5400000000045,
      8311.879999999952
    ],
    [
      7936.260000000007,
      7937.880000000009,
      8315.580000000022
    ],
    [
      8313.240000000016,
      8315.70000000002,
      8711.640000000003
    ]
  ]
}